UF,Ano,Casos Notif,Curados,Óbitos,Outros Fins,População,Popul 0 à 4,Vacinas,Internações,Permanência,Gastos,Região
Rondônia,2008,564,428,8,128,1616992,157101,29397,65,876,6302.72,Norte
Acre,2008,314,266,9,39,705635,89775,22433,112,1298,33934.63,Norte
Amazonas,2008,2688,1952,89,647,3463562,420024,94189,295,3035,177027.78,Norte
Roraima,2008,155,127,5,23,440533,54297,10498,37,381,8248.71,Norte
Pará,2008,3790,2711,106,973,7402515,838448,211870,430,6069,341201.2,Norte
Amapá,2008,266,179,6,81,651977,84275,18521,71,947,8932.76,Norte
Tocantins,2008,207,154,3,50,1376898,144724,27181,122,1056,63508.7,Norte
Maranhão,2008,2464,1935,64,465,6458789,760173,184137,276,3817,120668.35,Nordeste
Piauí,2008,1224,774,38,412,3106597,303665,56886,177,1497,94573.81,Nordeste
Ceará,2008,4473,3357,142,974,8412055,781383,148855,662,7455,1053825.8,Nordeste
Rio Grande do Norte,2008,1211,842,51,318,3186891,287200,54529,363,6747,485588.7,Nordeste
Paraíba,2008,1324,849,41,434,3751507,345258,76808,561,9729,776069.38,Nordeste
Pernambuco,2008,4995,3303,228,1464,8825549,813301,166764,1729,29138,3135701.31,Nordeste
Alagoas,2008,1408,1021,49,338,3177975,336215,59180,190,2065,88752.09,Nordeste
Sergipe,2008,695,509,29,157,2066358,198764,39484,39,297,20425.16,Nordeste
Bahia,2008,6667,4808,177,1682,14558148,1303314,241544,934,18936,1142585.24,Nordeste
Minas Gerais,2008,5188,3895,204,1089,19794278,1532612,276076,1394,21222,2069895.84,Sudeste
Espírito Santo,2008,1537,1243,52,242,3598524,288702,54172,153,1943,195056.44,Sudeste
Rio de Janeiro,2008,14676,8978,646,5052,15859866,1137134,238283,2420,47009,1983055.48,Sudeste
São Paulo,2008,18452,14108,538,3806,41651651,3165935,631346,2795,44317,3758718.74,Sudeste
Paraná,2008,2991,2176,107,708,10540407,830087,157694,1977,25009,2833212.06,Sul
Santa Catarina,2008,2022,1420,73,529,6164049,450889,86260,354,4635,460252.44,Sul
Rio Grande do Sul,2008,5687,3823,214,1650,10906958,768131,134340,1622,34134,3244859.23,Sul
Mato Grosso do Sul,2008,1019,750,55,214,2417300,218606,43271,343,5254,575872.55,Centro-Oeste
Mato Grosso,2008,1280,982,28,270,2956496,274731,57105,136,1352,208481.73,Centro-Oeste
Goiás,2008,953,667,34,252,5957260,496379,111983,787,4030,501562.28,Centro-Oeste
Distrito Federal,2008,518,380,8,130,2483669,203358,49242,188,3519,73346.32,Centro-Oeste
Rondônia,2009,680,467,4,209,1640607,154445,28393,94,1082,22078.19,Norte
Acre,2009,364,320,4,40,720132,89420,20855,117,1042,35523.99,Norte
Amazonas,2009,2606,1973,131,502,3534456,418820,93854,339,4579,229299.61,Norte
Roraima,2009,145,118,4,23,450969,53903,9854,27,299,6927.23,Norte
Pará,2009,4106,2953,87,1066,7521656,831347,199115,470,7342,586937.67,Norte
Amapá,2009,253,177,3,73,669360,83669,17563,47,658,4869.76,Norte
Tocantins,2009,223,159,13,51,1398334,142948,25843,96,1088,103246.74,Norte
Maranhão,2009,2462,1843,77,542,6533027,753035,172826,135,2408,24503.17,Nordeste
Piauí,2009,1108,699,38,371,3125918,296465,53757,171,1325,122555.28,Nordeste
Ceará,2009,4664,3340,171,1153,8493155,766911,145938,710,9007,980643.62,Nordeste
Rio Grande do Norte,2009,1185,807,51,327,3226259,283000,53991,377,7117,846997.41,Nordeste
Paraíba,2009,1320,868,37,415,3785598,341344,72528,296,10247,826823.13,Nordeste
Pernambuco,2009,5028,3191,199,1638,8906488,799967,163863,1362,18618,2531065.16,Nordeste
Alagoas,2009,1448,983,81,384,3205791,329796,63644,257,3253,299296.0,Nordeste
Sergipe,2009,686,483,40,163,2093507,194910,36092,31,345,46587.63,Nordeste
Bahia,2009,6971,4798,225,1948,14665810,1282462,236767,1057,23016,1936113.25,Nordeste
Minas Gerais,2009,4851,3601,176,1074,19967560,1506462,264162,1244,21281,1916901.42,Sudeste
Espírito Santo,2009,1427,1113,54,260,3648075,285976,53026,173,1859,266086.98,Sudeste
Rio de Janeiro,2009,14390,9091,568,4731,15969092,1117133,240182,2481,49649,2455216.81,Sudeste
São Paulo,2009,17828,13453,505,3870,42075716,3118982,644561,1517,40952,3875032.48,Sudeste
Paraná,2009,2808,2085,96,627,10636065,816284,155766,981,20698,2193425.44,Sul
Santa Catarina,2009,2002,1458,65,479,6257173,447637,85701,414,6154,730316.49,Sul
Rio Grande do Sul,2009,6100,4017,188,1895,10965071,751616,132623,1105,28365,3200290.19,Sul
Mato Grosso do Sul,2009,1044,740,67,237,2452039,217219,42612,231,3321,382342.03,Centro-Oeste
Mato Grosso,2009,1158,830,34,294,3003310,272853,54812,64,805,43930.76,Centro-Oeste
Goiás,2009,1012,699,40,273,6057367,490199,104295,278,3505,527555.87,Centro-Oeste
Distrito Federal,2009,449,354,4,91,2541434,203017,49611,174,3114,83594.28,Centro-Oeste
Rondônia,2010,572,403,12,157,1663490,151892,26927,128,1487,10999.98,Norte
Acre,2010,347,287,10,50,734447,88960,21910,81,726,34203.9,Norte
Amazonas,2010,2764,2085,127,552,3604165,417019,90944,444,5845,692380.58,Norte
Roraima,2010,152,126,5,21,460678,53396,10704,52,579,22386.59,Norte
Pará,2010,4104,2960,102,1042,7638340,823194,187145,392,5871,487268.9,Norte
Amapá,2010,221,163,5,53,686189,82889,17081,53,576,8653.04,Norte
Tocantins,2010,216,150,8,58,1419100,141037,25031,115,1243,111572.67,Norte
Maranhão,2010,2414,1803,73,538,6603880,743677,159049,159,2329,97800.65,Nordeste
Piauí,2010,994,682,24,288,3142946,288922,52054,165,1409,131254.47,Nordeste
Ceará,2010,4315,3107,121,1087,8569783,752833,143579,668,8339,813400.58,Nordeste
Rio Grande do Norte,2010,1109,714,54,341,3264647,278834,55307,383,7742,695117.36,Nordeste
Paraíba,2010,1327,861,49,417,3819237,337051,66184,384,14497,1174695.79,Nordeste
Pernambuco,2010,5175,3278,202,1695,8985658,786467,154390,1618,23003,2978593.76,Nordeste
Alagoas,2010,1368,928,48,392,3231836,323146,56475,283,3271,426234.78,Nordeste
Sergipe,2010,630,475,24,131,2120052,191254,32240,53,439,61259.11,Nordeste
Bahia,2010,6521,4333,214,1974,14768312,1261213,235439,1253,28565,2425002.81,Nordeste
Minas Gerais,2010,4443,3241,188,1014,20134742,1481367,259614,1182,21807,2366995.75,Sudeste
Espírito Santo,2010,1478,1137,51,290,3697243,283247,55595,161,1781,229571.81,Sudeste
Rio de Janeiro,2010,14241,8766,605,4870,16074006,1098619,236062,2032,43997,2998021.88,Sudeste
São Paulo,2010,18213,14153,543,3517,42486692,3073135,613622,1504,35298,3433532.15,Sudeste
Paraná,2010,2770,2078,109,583,10728961,803186,155662,947,22337,2119807.3,Sul
Santa Catarina,2010,2070,1541,69,460,6351418,445098,86575,270,7108,663104.65,Sul
Rio Grande do Sul,2010,6180,3970,227,1983,11019030,736518,129259,1133,35366,3774052.76,Sul
Mato Grosso do Sul,2010,943,667,55,221,2486257,215715,42653,274,4094,456527.61,Centro-Oeste
Mato Grosso,2010,1368,959,26,383,3049348,270814,48389,84,1060,126330.92,Centro-Oeste
Goiás,2010,1016,711,29,276,6155266,484368,106377,337,3185,694362.13,Centro-Oeste
Distrito Federal,2010,430,331,12,87,2602074,203106,50346,175,3158,44138.18,Centro-Oeste
Rondônia,2011,685,470,10,205,1685697,149458,27688,181,2195,28285.64,Norte
Acre,2011,392,349,6,37,748616,88426,20406,63,765,37794.57,Norte
Amazonas,2011,2686,2041,84,561,3672969,414748,90439,347,5072,538788.74,Norte
Roraima,2011,171,135,7,29,469943,52833,11188,54,873,8928.53,Norte
Pará,2011,4334,3189,107,1038,7751993,814180,179486,397,4872,394460.06,Norte
Amapá,2011,259,195,6,58,702638,82002,16451,65,630,9784.13,Norte
Tocantins,2011,215,156,12,47,1439275,139050,27544,74,523,54759.32,Norte
Maranhão,2011,2505,1883,71,551,6670977,732403,154277,188,2516,179022.94,Nordeste
Piauí,2011,1002,712,38,252,3158000,281159,51537,106,913,81227.84,Nordeste
Ceará,2011,4398,3093,92,1213,8642630,739224,142710,633,8026,710657.09,Nordeste
Rio Grande do Norte,2011,1269,842,71,356,3302061,274717,56959,414,8503,824466.59,Nordeste
Paraíba,2011,1413,899,55,459,3852082,332378,67821,373,13236,1093523.57,Nordeste
Pernambuco,2011,5390,3419,177,1794,9062506,772862,159846,1869,26817,3746382.55,Nordeste
Alagoas,2011,1327,910,52,365,3256277,316332,55687,312,3636,473503.78,Nordeste
Sergipe,2011,669,516,33,120,2145945,187809,34884,52,452,28413.47,Nordeste
Bahia,2011,6412,4411,158,1843,14865405,1239677,232517,1210,24442,1380023.12,Nordeste
Minas Gerais,2011,4626,3385,194,1047,20294485,1457308,263013,1203,21881,2479751.95,Sudeste
Espírito Santo,2011,1450,1137,41,272,3745577,280533,53826,238,2458,571763.39,Sudeste
Rio de Janeiro,2011,14331,9254,562,4515,16175495,1081641,248506,1939,50462,3942627.02,Sudeste
São Paulo,2011,19083,14952,597,3534,42888198,3028995,627045,2507,125904,11194456.27,Sudeste
Paraná,2011,2722,2119,104,499,10820421,790866,159922,451,21169,1989097.92,Sul
Santa Catarina,2011,2218,1616,58,544,6446209,443152,89020,332,6719,611255.59,Sul
Rio Grande do Sul,2011,6360,4002,213,2145,11069861,722801,135571,1054,30051,3046513.31,Sul
Mato Grosso do Sul,2011,1047,729,44,274,2520305,214124,43799,244,3325,351095.45,Centro-Oeste
Mato Grosso,2011,1371,959,32,380,3094547,268633,51165,111,1131,123519.64,Centro-Oeste
Goiás,2011,989,677,36,276,6250462,478880,107604,297,2733,553265.76,Centro-Oeste
Distrito Federal,2011,489,348,7,134,2664444,203614,43465,170,2501,41512.01,Centro-Oeste
Rondônia,2012,692,484,5,203,1707272,147144,27641,173,2132,24163.9,Norte
Acre,2012,409,363,8,38,762631,87845,18297,77,1096,82213.8,Norte
Amazonas,2012,2842,2068,98,676,3740976,412122,94974,244,4343,393075.64,Norte
Roraima,2012,137,107,5,25,479073,52272,11440,24,282,6460.36,Norte
Pará,2012,4048,2823,101,1124,7862333,804490,169550,252,3085,244432.4,Norte
Amapá,2012,253,193,8,52,718906,81085,15497,80,676,9703.48,Norte
Tocantins,2012,185,131,6,48,1458965,137037,27034,76,688,79555.42,Norte
Maranhão,2012,2185,1541,105,539,6734353,719528,141013,124,2188,146590.05,Nordeste
Piauí,2012,921,606,34,281,3171456,273293,49809,69,594,44901.77,Nordeste
Ceará,2012,4236,2925,133,1178,8712413,726141,137360,628,8137,712489.36,Nordeste
Rio Grande do Norte,2012,1208,737,57,414,3338489,270660,54973,413,7902,772283.47,Nordeste
Paraíba,2012,1426,923,51,452,3883822,327319,66047,387,13621,1137023.51,Nordeste
Pernambuco,2012,5696,3517,244,1935,9136697,759210,153117,2018,29059,4270671.34,Nordeste
Alagoas,2012,1358,849,48,461,3279289,309421,59500,390,4324,647475.24,Nordeste
Sergipe,2012,617,445,36,136,2171137,184585,32744,25,275,15931.38,Nordeste
Bahia,2012,6082,3919,159,2004,14957177,1217917,217091,1174,21033,384304.31,Nordeste
Minas Gerais,2012,4257,3035,188,1034,20446840,1434298,264624,1142,19121,2134322.95,Sudeste
Espírito Santo,2012,1461,1089,54,318,3792874,277844,53768,264,2662,552893.27,Sudeste
Rio de Janeiro,2012,14018,8925,595,4498,16273984,1066224,235361,1688,45892,3492396.71,Sudeste
São Paulo,2012,18676,14769,594,3313,43281358,2987095,629176,2636,124877,10687233.56,Sudeste
Paraná,2012,2534,1925,97,512,10910374,779316,155690,386,20175,1867133.04,Sul
Santa Catarina,2012,2229,1642,48,539,6540596,441651,87177,352,5298,497093.3,Sul
Rio Grande do Sul,2012,6405,3960,246,2199,11118261,710420,135052,1171,31574,3047497.91,Sul
Mato Grosso do Sul,2012,1091,694,43,354,2554130,212450,42646,242,3246,321403.25,Centro-Oeste
Mato Grosso,2012,1605,1078,41,486,3138822,266324,52957,144,1245,126649.51,Centro-Oeste
Goiás,2012,1058,689,57,312,6343136,473769,100489,278,2920,690562.35,Centro-Oeste
Distrito Federal,2012,554,404,7,143,2727098,204498,47335,210,2937,64283.53,Centro-Oeste
Rondônia,2013,711,469,16,226,1728214,144943,31310,147,1742,42227.01,Norte
Acre,2013,406,364,13,29,776463,87220,19306,59,797,35349.26,Norte
Amazonas,2013,3060,2252,137,671,3807921,409194,90809,281,4654,410172.7,Norte
Roraima,2013,167,118,5,44,488072,51728,9559,36,436,8857.01,Norte
Pará,2013,4119,3054,96,969,7969654,794380,177110,349,4519,328078.06,Norte
Amapá,2013,220,175,5,40,734996,80177,17225,53,677,10951.45,Norte
Tocantins,2013,194,141,8,45,1478164,135028,24205,72,634,76187.74,Norte
Maranhão,2013,2278,1692,89,497,6794301,705496,147846,155,2097,120168.52,Nordeste
Piauí,2013,908,666,47,195,3183404,265505,50050,61,521,35419.43,Nordeste
Ceará,2013,4052,2792,109,1151,8779338,713659,144689,659,9073,846379.92,Nordeste
Rio Grande do Norte,2013,1273,833,53,387,3373959,266710,53268,415,8268,763284.45,Nordeste
Paraíba,2013,1429,935,51,443,3914421,321975,66089,381,14895,1206312.65,Nordeste
Pernambuco,2013,5420,3382,255,1783,9208550,745749,156369,1697,24459,4099791.46,Nordeste
Alagoas,2013,1324,874,44,406,3300935,302574,62127,309,3293,390445.74,Nordeste
Sergipe,2013,710,500,41,169,2195662,181609,35195,47,696,26338.03,Nordeste
Bahia,2013,5679,3911,163,1605,15044137,1196281,219898,1209,21559,1846462.93,Nordeste
Minas Gerais,2013,4200,2999,154,1047,20593356,1412425,257189,1078,16241,1895689.99,Sudeste
Espírito Santo,2013,1384,1019,65,300,3839366,275219,57371,209,2143,453577.32,Sudeste
Rio de Janeiro,2013,13349,8676,618,4055,16369179,1052291,239772,1531,42997,3253616.02,Sudeste
São Paulo,2013,19530,15289,666,3575,43663669,2947378,641210,2531,92458,8081668.39,Sudeste
Paraná,2013,2650,1965,126,559,10997465,768412,164100,365,16177,1612680.55,Sul
Santa Catarina,2013,2268,1678,51,539,6634254,440532,87841,396,5597,533724.36,Sul
Rio Grande do Sul,2013,6348,3886,180,2282,11164043,699242,133169,939,17801,1989154.83,Sul
Mato Grosso do Sul,2013,1098,718,30,350,2587269,210672,44676,293,4125,522885.85,Centro-Oeste
Mato Grosso,2013,1886,1228,29,629,3182113,263892,56920,195,1777,235493.77,Centro-Oeste
Goiás,2013,1072,746,39,287,6434048,469094,104840,351,3395,959669.09,Centro-Oeste
Distrito Federal,2013,473,359,10,104,2789761,205671,59168,206,3056,63056.38,Centro-Oeste
Rondônia,2014,686,445,12,229,1748531,142826,30520,99,794,30993.1,Norte
Acre,2014,462,423,10,29,790101,86554,17874,70,1070,56167.53,Norte
Amazonas,2014,3143,2269,90,784,3873743,405980,94561,223,2984,246327.67,Norte
Roraima,2014,148,117,3,28,496936,51200,11145,30,297,5949.21,Norte
Pará,2014,3940,2900,69,971,8073924,783993,165996,416,5814,444281.85,Norte
Amapá,2014,211,157,5,49,750912,79310,17955,28,292,4232.39,Norte
Tocantins,2014,186,144,8,34,1496880,133055,26758,84,799,79689.29,Norte
Maranhão,2014,2111,1535,66,510,6850884,690776,134507,158,1984,125295.66,Nordeste
Piauí,2014,813,603,37,173,3193956,258000,48731,45,371,51161.56,Nordeste
Ceará,2014,3879,2536,115,1228,8843553,701860,143597,624,8617,885619.27,Nordeste
Rio Grande do Norte,2014,1187,803,46,338,3408510,262920,51593,367,6900,656376.1,Nordeste
Paraíba,2014,1312,826,57,429,3943885,316471,65448,439,14070,1151452.47,Nordeste
Pernambuco,2014,5443,3418,258,1767,9278152,732712,160334,1165,16242,2953702.48,Nordeste
Alagoas,2014,1245,833,41,371,3321305,295934,58199,171,2183,231445.45,Nordeste
Sergipe,2014,788,534,46,208,2219574,178904,35272,66,854,19654.22,Nordeste
Bahia,2014,5612,3820,204,1588,15126371,1175003,220180,1232,22562,1903472.8,Nordeste
Minas Gerais,2014,4193,2926,167,1100,20734097,1391618,265916,977,15831,1552218.42,Sudeste
Espírito Santo,2014,1314,996,60,258,3885049,272680,57384,151,1873,282677.55,Sudeste
Rio de Janeiro,2014,13095,8708,700,3687,16461173,1039689,256083,1082,27020,2017304.72,Sudeste
São Paulo,2014,19976,15272,648,4056,44035304,2909839,644125,2635,92828,8292425.2,Sudeste
Paraná,2014,2554,1925,91,538,11081692,758051,168394,389,15830,1562564.08,Sul
Santa Catarina,2014,2248,1608,49,591,6727148,439722,96345,502,7225,849762.95,Sul
Rio Grande do Sul,2014,6372,3837,222,2313,11207274,689091,147550,950,18582,1869900.69,Sul
Mato Grosso do Sul,2014,998,624,26,348,2619657,208767,56169,267,4623,610542.43,Centro-Oeste
Mato Grosso,2014,1794,1220,34,540,3224357,261321,60163,197,1676,379981.98,Centro-Oeste
Goiás,2014,991,683,41,267,6523222,464826,110957,204,2305,342099.31,Centro-Oeste
Distrito Federal,2014,512,359,12,141,2852372,207031,50321,119,1406,38064.02,Centro-Oeste
Rondônia,2015,665,448,4,213,1768204,140771,30723,124,1322,28384.98,Norte
Acre,2015,361,308,14,39,803513,85849,18662,63,828,63174.42,Norte
Amazonas,2015,3404,2362,95,947,3938336,402454,88151,254,2875,204862.93,Norte
Roraima,2015,174,124,2,48,505665,50684,12043,38,466,3899.37,Norte
Pará,2015,3991,2565,62,1364,8175113,773411,136610,415,5280,394581.57,Norte
Amapá,2015,225,155,4,66,766679,78505,19220,36,488,10900.9,Norte
Tocantins,2015,193,139,5,49,1515126,131141,26676,59,550,67490.42,Norte
Maranhão,2015,2238,1569,76,593,6904241,675876,123938,215,2684,176585.02,Nordeste
Piauí,2015,754,534,22,198,3203262,251014,41616,105,1450,214329.6,Nordeste
Ceará,2015,4012,2623,96,1293,8905225,690831,150258,599,8566,803102.78,Nordeste
Rio Grande do Norte,2015,1156,738,44,374,3442175,259349,49978,355,6909,688803.37,Nordeste
Paraíba,2015,1250,472,42,736,3972202,310943,61443,390,11670,995539.32,Nordeste
Pernambuco,2015,5649,3560,325,1764,9345603,720322,160746,1311,17236,3765597.9,Nordeste
Alagoas,2015,1068,699,45,324,3340502,289640,54449,219,2655,296199.16,Nordeste
Sergipe,2015,771,531,39,201,2242937,176488,37111,66,663,25830.61,Nordeste
Bahia,2015,5304,3534,211,1559,15203934,1154241,214548,1207,22056,1853949.65,Nordeste
Minas Gerais,2015,4055,2695,186,1174,20869101,1371765,269246,960,14743,1897726.63,Sudeste
Espírito Santo,2015,1395,1059,77,259,3929911,270237,56585,200,2172,268077.37,Sudeste
Rio de Janeiro,2015,13367,8453,562,4352,16550024,1028195,259364,1397,44075,3488800.35,Sudeste
São Paulo,2015,20376,15760,683,3933,44396484,2874406,629304,3155,104527,9098172.1,Sudeste
Paraná,2015,2466,1846,84,536,11163018,748103,168928,512,16792,2381590.99,Sul
Santa Catarina,2015,2180,1497,45,638,6819190,439113,99809,599,8301,1127508.5,Sul
Rio Grande do Sul,2015,6380,3672,251,2457,11247972,679752,149914,1067,17886,1964676.93,Sul
Mato Grosso do Sul,2015,1003,592,31,380,2651235,206704,55822,271,4373,900972.92,Centro-Oeste
Mato Grosso,2015,1442,987,40,415,3265486,258579,59563,133,1236,196995.26,Centro-Oeste
Goiás,2015,1095,753,53,289,6610681,460912,102456,293,2524,413064.13,Centro-Oeste
Distrito Federal,2015,478,336,13,129,2914830,208455,35322,240,3349,59090.29,Centro-Oeste
Rondônia,2016,775,548,10,217,1787279,138798,29633,138,1827,58125.61,Norte
Acre,2016,450,403,8,39,816687,85089,17344,66,773,62584.78,Norte
Amazonas,2016,3259,2354,96,809,4001667,398509,78652,209,1752,73333.46,Norte
Roraima,2016,160,108,3,49,514229,50165,12087,45,640,12755.59,Norte
Pará,2016,4224,2844,57,1323,8272724,762492,121902,418,5508,440515.75,Norte
Amapá,2016,287,182,2,103,782295,77764,18696,33,442,6561.03,Norte
Tocantins,2016,210,148,2,60,1532902,129286,26112,76,735,83474.15,Norte
Maranhão,2016,2442,1678,81,683,6954036,660953,110671,222,2813,168914.44,Nordeste
Piauí,2016,812,576,41,195,3211411,244664,41711,149,1672,206811.77,Nordeste
Ceará,2016,4045,2707,102,1236,8964432,680505,146269,618,9087,877335.02,Nordeste
Rio Grande do Norte,2016,1182,766,63,353,3474998,256027,43523,374,7437,741435.24,Nordeste
Paraíba,2016,1215,763,30,422,3999415,305512,56916,351,8663,775519.21,Nordeste
Pernambuco,2016,5513,3528,302,1683,9410772,708688,145569,1260,16803,3198730.59,Nordeste
Alagoas,2016,1236,755,67,414,3358527,283664,55175,252,2609,332314.44,Nordeste
Sergipe,2016,800,520,31,249,2265779,174361,33980,102,1055,30816.65,Nordeste
Bahia,2016,5300,3462,165,1673,15276566,1134070,175660,1286,21561,2270737.47,Nordeste
Minas Gerais,2016,4073,2788,181,1104,20997560,1352750,242264,1057,14970,2043350.63,Sudeste
Espírito Santo,2016,1238,922,70,246,3973697,267843,52147,247,2829,467440.17,Sudeste
Rio de Janeiro,2016,13645,8931,479,4235,16635996,1017525,250225,1220,26118,2061710.77,Sudeste
São Paulo,2016,20587,16079,703,3805,44749699,2841127,595161,3313,96670,8851460.87,Sudeste
Paraná,2016,2436,1773,98,565,11242720,738585,155839,418,12278,1480107.73,Sul
Santa Catarina,2016,2199,1492,42,665,6910553,438584,96811,608,9598,1047598.4,Sul
Rio Grande do Sul,2016,6043,3637,206,2200,11286500,671105,137062,1004,18132,2051925.79,Sul
Mato Grosso do Sul,2016,1130,699,41,390,2682386,204543,47328,220,4850,643797.07,Centro-Oeste
Mato Grosso,2016,1456,934,47,475,3305531,255724,57035,139,1323,108483.93,Centro-Oeste
Goiás,2016,1027,670,46,311,6695855,457302,94253,320,3029,493656.23,Centro-Oeste
Distrito Federal,2016,463,316,9,138,2977216,209853,62573,224,3289,65138.63,Centro-Oeste
Rondônia,2017,780,566,10,204,1805788,136935,28456,182,2412,115182.75,Norte
Acre,2017,484,451,7,26,829619,84259,16926,60,715,49001.55,Norte
Amazonas,2017,3693,2610,147,936,4063614,394089,77423,230,1798,164288.53,Norte
Roraima,2017,205,144,5,56,522636,49630,13196,78,879,21913.71,Norte
Pará,2017,4511,3132,83,1296,8366628,751214,128232,429,5428,426994.0,Norte
Amapá,2017,298,240,4,54,797722,77056,16222,18,223,2045.4,Norte
Tocantins,2017,187,134,6,47,1550194,127485,27711,54,553,62989.05,Norte
Maranhão,2017,2469,1731,76,662,7000229,646128,129208,276,3040,227002.34,Nordeste
Piauí,2017,791,580,31,180,3218485,238949,47546,115,1614,232095.45,Nordeste
Ceará,2017,4289,2852,151,1286,9021232,670786,147779,593,8134,768256.29,Nordeste
Rio Grande do Norte,2017,1354,844,62,448,3507003,252960,32849,299,6092,581085.5,Nordeste
Paraíba,2017,1360,768,41,551,4025558,300286,61080,319,9506,820533.05,Nordeste
Pernambuco,2017,6378,3948,404,2026,9473707,697854,144489,1383,17927,3412345.54,Nordeste
Alagoas,2017,1264,723,65,476,3375382,277968,58327,240,2999,414311.21,Nordeste
Sergipe,2017,832,564,20,248,2288116,172499,34833,95,969,61075.48,Nordeste
Bahia,2017,5498,3557,220,1721,15344447,1114626,183520,1396,22492,2433798.45,Nordeste
Minas Gerais,2017,4064,2826,170,1068,21119536,1334539,256548,1138,17366,2328249.91,Sudeste
Espírito Santo,2017,1324,979,59,286,4016356,265458,52825,151,1711,315281.59,Sudeste
Rio de Janeiro,2017,13927,8904,471,4552,16718956,1007396,272052,1269,34389,2777471.34,Sudeste
São Paulo,2017,22119,17085,755,4279,45094866,2809738,637609,3448,92080,8958054.92,Sudeste
Paraná,2017,2501,1759,86,656,11320892,729485,157290,437,15737,1974087.86,Sul
Santa Catarina,2017,2228,1488,64,676,7001161,438051,81672,581,8920,951753.07,Sul
Rio Grande do Sul,2017,6599,3861,229,2509,11322895,663013,132614,1181,25999,2642753.77,Sul
Mato Grosso do Sul,2017,1140,698,52,390,2713147,202359,54549,187,2934,416128.87,Centro-Oeste
Mato Grosso,2017,1430,961,51,418,3344544,252844,56774,135,1302,137953.96,Centro-Oeste
Goiás,2017,1163,748,39,376,6778772,454001,90262,236,2338,360960.5,Centro-Oeste
Distrito Federal,2017,413,224,6,183,3039444,211170,42726,180,2619,86511.6,Centro-Oeste
Rondônia,2018,678,490,5,183,1823741,135197,25729,198,2866,92641.11,Norte
Acre,2018,483,438,6,39,842290,83368,16223,77,753,66599.2,Norte
Amazonas,2018,3803,2567,145,1091,4124033,389272,75455,216,2034,138335.57,Norte
Roraima,2018,265,189,8,68,530879,49079,15377,63,951,55527.37,Norte
Pará,2018,4678,3301,86,1291,8457229,739766,124966,407,4717,366610.76,Norte
Amapá,2018,284,206,3,75,812961,76379,17129,29,335,3511.28,Norte
Tocantins,2018,233,158,9,66,1567016,125747,26090,61,597,56635.77,Norte
Maranhão,2018,2647,1892,112,643,7043339,631676,120993,300,3424,250816.91,Nordeste
Piauí,2018,884,600,33,251,3224536,233828,48552,165,2189,271026.2,Nordeste
Ceará,2018,4555,2925,151,1479,9075744,661640,137885,656,8574,728010.36,Nordeste
Rio Grande do Norte,2018,1624,1028,83,513,3538218,250143,49396,390,8172,881346.08,Nordeste
Paraíba,2018,1542,856,56,630,4050662,295318,60525,340,11194,1013891.18,Nordeste
Pernambuco,2018,6491,3893,352,2246,9534634,687786,143723,1368,18611,4058827.4,Nordeste
Alagoas,2018,1340,764,77,499,3391142,272540,55581,267,3036,383413.02,Nordeste
Sergipe,2018,978,660,25,293,2309961,170864,35970,100,978,99273.93,Nordeste
Bahia,2018,5667,3519,183,1965,15408073,1095952,173301,1137,18049,1765824.03,Nordeste
Minas Gerais,2018,4224,2964,164,1096,21235870,1317056,260091,1289,19742,2702820.55,Sudeste
Espírito Santo,2018,1484,1048,57,379,4058079,263084,54293,175,1533,238567.69,Sudeste
Rio de Janeiro,2018,14819,9272,475,5072,16798421,997589,233416,1494,41054,3608626.03,Sudeste
São Paulo,2018,22258,16982,746,4530,45429330,2779776,612969,3551,94316,9020105.15,Sudeste
Paraná,2018,2860,1991,112,757,11396262,720682,153453,408,11913,1530427.37,Sul
Santa Catarina,2018,2282,1479,63,740,7090682,437451,89086,698,10179,1124639.53,Sul
Rio Grande do Sul,2018,6908,3849,272,2787,11356804,655263,129790,1167,24360,2506545.99,Sul
Mato Grosso do Sul,2018,1455,1001,39,415,2743142,200173,55337,176,2176,269895.46,Centro-Oeste
Mato Grosso,2018,1414,953,38,423,3382487,249971,58799,145,1407,154029.44,Centro-Oeste
Goiás,2018,1212,769,42,401,6860047,451005,91706,317,2604,489669.42,Centro-Oeste
Distrito Federal,2018,471,256,15,200,3101220,212361,39243,204,2937,235052.7,Centro-Oeste
Rondônia,2019,740,503,4,233,1841142,133580,24835,180,2236,59881.24,Norte
Acre,2019,582,503,8,71,854691,82425,15925,67,673,55117.73,Norte
Amazonas,2019,3955,2680,143,1132,4182899,384132,73531,223,2318,178595.55,Norte
Roraima,2019,324,218,16,90,538963,48514,13719,138,1898,71274.57,Norte
Pará,2019,5542,3515,124,1903,8544639,728275,117825,454,5307,463449.11,Norte
Amapá,2019,357,240,6,111,828028,75718,16687,31,264,6685.83,Norte
Tocantins,2019,234,156,6,72,1583391,124085,29164,68,653,63362.48,Norte
Maranhão,2019,2666,1774,130,762,7083578,617737,98496,305,3508,270752.72,Nordeste
Piauí,2019,877,496,29,352,3229651,229224,41800,122,1342,187645.66,Nordeste
Ceará,2019,4544,2497,129,1918,9128090,653031,112720,731,10119,965371.68,Nordeste
Rio Grande do Norte,2019,1417,832,71,514,3568644,247554,39857,402,8230,809364.01,Nordeste
Paraíba,2019,1486,750,48,688,4074755,290641,55098,402,8921,886966.2,Nordeste
Pernambuco,2019,6793,3913,341,2539,9593588,678410,127395,1230,16182,3298896.46,Nordeste
Alagoas,2019,1288,666,63,559,3405893,267357,46688,312,3625,539644.07,Nordeste
Sergipe,2019,1022,726,26,270,2331323,169413,30473,100,1098,74993.79,Nordeste
Bahia,2019,5653,3088,206,2359,15467527,1078043,163353,1015,16226,1655498.89,Nordeste
Minas Gerais,2019,4356,2915,155,1286,21346492,1300177,234103,1357,19000,2579293.09,Sudeste
Espírito Santo,2019,1492,896,66,530,4098852,260718,50938,171,1693,272319.3,Sudeste
Rio de Janeiro,2019,14963,9084,446,5433,16874306,987944,179242,1502,38328,3301802.47,Sudeste
São Paulo,2019,21953,16057,731,5165,45752757,2750916,516051,3582,108817,10615880.94,Sudeste
Paraná,2019,2883,1803,111,969,11468818,712149,144814,403,12972,1602665.76,Sul
Santa Catarina,2019,2265,1284,57,924,7179056,436755,82235,698,10336,1279799.87,Sul
Rio Grande do Sul,2019,7642,3882,256,3504,11388156,647708,124980,1314,29696,3048000.62,Sul
Mato Grosso do Sul,2019,1406,824,43,539,2772343,198012,51295,250,4064,557146.16,Centro-Oeste
Mato Grosso,2019,1532,964,32,536,3419350,247140,52877,140,1395,160957.88,Centro-Oeste
Goiás,2019,1173,704,40,429,6939629,448263,86519,338,2733,613074.4,Centro-Oeste
Distrito Federal,2019,483,227,20,236,3162452,213411,41948,243,3550,326852.95,Centro-Oeste
Rondônia,2020,573,96,9,468,1857992,132095,19783,126,1289,45363.38,Norte
Acre,2020,537,168,9,360,866811,81446,11699,55,411,48876.41,Norte
Amazonas,2020,3500,887,128,2485,4240210,378749,69641,136,1433,97270.95,Norte
Roraima,2020,286,65,11,210,546891,47945,11599,146,2870,48297.84,Norte
Pará,2020,4437,741,71,3625,8628901,716840,96679,380,4512,416119.77,Norte
Amapá,2020,274,21,5,248,842914,75070,11610,5,46,2199.48,Norte
Tocantins,2020,200,33,7,160,1599316,122499,22933,60,562,45140.65,Norte
Maranhão,2020,2332,519,90,1723,7121156,604347,73849,284,3487,280086.93,Nordeste
Piauí,2020,758,160,26,572,3233891,225016,38392,104,973,235483.06,Nordeste
Ceará,2020,3696,654,89,2953,9178363,644888,85597,539,6718,913669.69,Nordeste
Rio Grande do Norte,2020,1502,227,35,1240,3598288,245167,36095,353,6627,710005.88,Nordeste
Paraíba,2020,1263,185,32,1046,4097859,286265,36465,280,4422,534265.61,Nordeste
Pernambuco,2020,6069,1306,254,4509,9650604,669624,105662,817,9463,2255303.73,Nordeste
Alagoas,2020,922,142,40,740,3419689,262386,34187,249,2883,452955.91,Nordeste
Sergipe,2020,793,157,17,619,2352207,168102,24732,76,661,47379.54,Nordeste
Bahia,2020,4448,755,127,3566,15522855,1060893,154249,993,17636,1899996.22,Nordeste
Minas Gerais,2020,3889,769,141,2979,21451356,1283828,214221,1262,14293,2650202.22,Sudeste
Espírito Santo,2020,1734,0,0,1734,4138657,258364,43627,222,2078,453557.04,Sudeste
Rio de Janeiro,2020,13077,2489,297,10291,16946541,978373,135208,1397,34368,3071351.69,Sudeste
São Paulo,2020,19045,5446,609,12990,46064928,2722887,413642,3265,90113,9556673.29,Sudeste
Paraná,2020,2814,631,102,2081,11538518,703891,140609,538,14173,1944744.8,Sul
Santa Catarina,2020,1509,295,37,1177,7266193,435965,78677,555,8171,1202372.47,Sul
Rio Grande do Sul,2020,6327,1174,150,5003,11416895,640270,116193,1194,19216,2487620.4,Sul
Mato Grosso do Sul,2020,1171,141,40,990,2800704,195897,27631,345,5430,744445.5,Centro-Oeste
Mato Grosso,2020,1188,254,23,911,3455092,244387,48561,124,1031,133764.26,Centro-Oeste
Goiás,2020,952,166,24,762,7017496,445741,76032,299,2395,450336.51,Centro-Oeste
Distrito Federal,2020,382,37,14,331,3223048,214323,41694,200,2938,321290.51,Centro-Oeste
